{
  "schema": "inspectnet_cx.bootstrap_auroc.v1",
  "source_score_file": "reports/scores_padim_capsule.json",
  "dataset": "mvtec_ad",
  "category": "capsule",
  "method": "anomalib_padim",
  "n_samples": 132,
  "n_positive": 109,
  "n_negative": 23,
  "n_bootstrap": 1000,
  "seed": 0,
  "metrics": {
    "auroc": {
      "point": 0.8807339449541285,
      "ci_low": 0.7785799760670125,
      "ci_high": 0.9713003589948146,
      "median": 0.885520542481053,
      "std": 0.04990280638842924,
      "n_valid": 1000
    },
    "youden_f1": {
      "point": 0.9439252336448597,
      "ci_low": 0.9134615384615384,
      "ci_high": 0.9769585253456222,
      "median": 0.9495402226290428,
      "std": 0.016900882551933394,
      "n_valid": 1000
    },
    "f1_max_f1": {
      "point": 0.9506726457399103,
      "ci_low": 0.9374859234234234,
      "ci_high": 0.9813084112149533,
      "median": 0.9585253456221199,
      "std": 0.01056192430169136,
      "n_valid": 1000
    }
  }
}
