{
  "schema": "inspectnet_cx.cross_category_matrix.v1",
  "categories": [
    "bottle",
    "cable",
    "capsule",
    "leather"
  ],
  "matrix": {
    "bottle": {
      "bottle": 0.9976190476190476,
      "cable": 0.5,
      "capsule": 0.4579178300757878,
      "leather": 0.5628396739130435
    },
    "cable": {
      "bottle": 0.5404761904761906,
      "cable": 0.8720014992503747,
      "capsule": 0.5,
      "leather": 0.4891304347826087
    },
    "capsule": {
      "bottle": 0.5,
      "cable": 0.5,
      "capsule": 0.8807339449541285,
      "leather": 0.5067934782608696
    },
    "leather": {
      "bottle": 0.5091269841269841,
      "cable": 0.5143365817091454,
      "capsule": 0.481651376146789,
      "leather": 0.9925271739130433
    }
  },
  "diagonal_auroc": {
    "bottle": 0.9976190476190476,
    "cable": 0.8720014992503747,
    "capsule": 0.8807339449541285,
    "leather": 0.9925271739130433
  },
  "off_diagonal_drop_summary": {
    "mean_point_drop": 0.4305310373098637,
    "std_point_drop": 0.05445188689495727,
    "n_off_diagonal_cells": 12,
    "bootstrap_n": 1000,
    "bootstrap_seed": 0,
    "bootstrap_drop_mean_median": 0.43034432077514195,
    "bootstrap_drop_mean_ci_low": 0.4034301335172045,
    "bootstrap_drop_mean_ci_high": 0.4579992779625972
  }
}
