{
  "image_score": [
    0.5000952482223511
  ],
  "threshold": [
    0.5
  ],
  "confidence": [
    0.5000238418579102
  ],
  "defect_regions": [
    [
      {
        "x_min": 0.0,
        "y_min": 0.0,
        "x_max": 223.0,
        "y_max": 223.0,
        "area": 22534.0
      }
    ]
  ],
  "heatmap_shape": [
    1,
    1,
    224,
    224
  ],
  "mask_shape": [
    1,
    1,
    224,
    224
  ]
}
